BookingID,Type,ClassID,Date,Time,Location,NumStudents,StudentName,Email,Phone,PreferredLocationText,City,Status,DateBooked,Notes,PayChoice,PaymentStatus,Reminder24Sent,PricePerPerson,PayLink,ReviewSent,Reminder12Sent,Attendance,AttendanceAt
BK-1,Home,1,9-7-2026,"10:00 - 1:00","3605 Tulip St, Anderson IN 46011",1,"Gerry Miller",NovernManagement@gmail.com,,,,Confirmed,"2026-09-03 23:50:42",,,,,,,,,,
BK-2,Home,1,9-7-2026,"10:00 - 1:00","3605 Tulip St, Anderson IN 46011",1,"Test Booking QA",test-qa@example.com,5555550123,,,Confirmed,"2026-09-03 23:56:10",,,,,,,,,,
BK-3,Home,1,9-7-2026,"10:00 - 1:00","3605 Tulip St, Anderson IN 46011",1,"Test Booking QA2",test-qa2@example.com,5555550124,,,Confirmed,"2026-09-03 23:57:56",,,,,,,,,,
BK-4,Home,1,9-7-2026,"10:00 - 1:00","3605 Tulip St, Anderson IN 46011",1,Gerry,NovernManagement@gmail.com,,,,Confirmed,"2026-09-04 00:00:43",,,,,,,,,,
BK-5,Home,"FSME 9-7",9-7-2026,"8:00am To 11:00am","3605 Tulip St, Anderson In 46011",4,Gerry,NovernManagement@gmail.com,,,,Confirmed,"2026-09-05 13:37:47",,,,,,,,,,
BK-6,Home,4,2026-09-25,"5:00pm To 8:00pm",TBD,1,Gerry,novernmanagement@gmail.com,6236700919,,,Confirmed,"2026-09-25 07:19:33",,,,,,,,,,
BK-7,Home,4,2026-09-25,"5:00pm To 8:00pm",TBD,1,Gerry,Novernmanagement@gmail.com,6236700919,,Noblesville,Confirmed,"2026-09-25 07:32:59",,,,,,,,,,
BK-8,Home,10,2026-09-29,"5:00pm To 8:00pm","Near you",1,Gerry,NovernManagement@gmail.com,6236700919,,Carmel,Confirmed,"2026-09-27 18:00:45",,,,,,,,,,
BK-9,Home,8,2026-09-28,"5:00pm To 8:00pm",TBD,1,"Gerry Miller",NovernManagement@gmail.com,6236700919,,Carmel,Confirmed,"2026-09-27 18:03:49",,,,,,,,,,
BK-10,Home,7,2026-09-28,"10:00am To 1:00pm",TBD,1,Gerry,NovernManagement@gmail.com,6236700919,,Carmel,Confirmed,"2026-09-27 18:15:07",,,,,,,,,,
BK-11,Home,7,2026-09-28,"10:00am To 1:00pm",TBD,1,"Gerry Miller",NovernManagement@gmail.com,6236700919,,Carmel,Confirmed,"2026-09-27 19:08:51",,,,,,,,,,
BK-12,Home,8,2026-09-28,"5:00pm To 8:00pm",TBD,1,Gerry,NovernManagement@gmail.com,6236700919,,Westfield,Confirmed,"2026-09-27 19:10:51",,,,,,,,,,
BK-13,Home,7,2026-09-28,"10:00am To 1:00pm",TBD,1,G,Novern@gmail.com,623-670-0919,,Carmel,Confirmed,"2026-09-27 19:15:38",,,,,,,,,,
BK-14,Home,10,2026-09-29,"5:00pm To 8:00pm","Near you",1,Ytg,hyu@hfh.com,1254125412,,Noblesville,Confirmed,"2026-09-28 14:36:01",,Now,Unpaid,,,,,,,
BK-15,Home,12,2026-09-30,"5:00pm to 8:00pm","Your City",1,"Lizeth Roman",Margaritafactory1@gmail.com,9712058809,,Fishers,Confirmed,"2026-09-29 11:43:22",,Now,Unpaid,,,,,,,
BK-16,Home,10,2026-09-29,"5:00pm To 8:00pm","Near you",1,"Lizeth Roman",Margaritafactory1@gmail.com,9712058809,,Fishers,Confirmed,2026-09-10,,Now,Paid,,,,"2026-10-02 15:45:05",,,
BK-17,Home,13,2026-10-03,"10:00am To 1:00pm","Your City",1,"April Purvis",aprilnpurvis@gmail.com,3176055985,,Carmel,Cancelled,2026-09-30,"Starbucks
2810 E 116th St
Carmel, IN 46033",Now,Unpaid,"2026-10-03 08:30:07",,,,"2026-10-03 08:30:08",,
BK-18,Home,19,2026-10-09,"5:00pm To 8:00pm","Your City",1,"Gerry Miller",NovernManagement@gmail.com,6236700919,,Noblesville,Confirmed,"2026-10-05 10:15:54",,Later,Unpaid,,119,https://square.link/u/thTgCJqK,,,,
