ClassID,Date,Time,StartTime,EndTime,Location,Capacity,Status,Notes,SalePrice,SaleLink
1,2026-09-24,10:00am To 1:00pm,10:00,13:00,TBD,6,Open,"Two Hour Study Session Plus One Hour Test - $119.00 Per Person, Does not include The ServSafe Exam Voucher",,
2,2026-09-24,5:00pm To 8:00pm,17:00,20:00,TBD,6,Open,"Two Hour Study Session Plus One Hour Test - $119.00 Per Person, Does not include The ServSafe Exam Voucher",,
3,2026-09-25,10:00am To 1:00pm,10:00,13:00,TBD,6,Open,"Two Hour Study Session Plus One Hour Test - $119.00 Per Person, Does not include The ServSafe Exam Voucher",,
4,2026-09-25,5:00pm To 8:00pm,17:00,20:00,TBD,6,Open,"Two Hour Study Session Plus One Hour Test - $119.00 Per Person, Does not include The ServSafe Exam Voucher",,
5,2026-09-26,10:00am To 1:00pm,10:00,13:00,TBD,6,Open,"Two Hour Study Session Plus One Hour Test - $119.00 Per Person, Does not include The ServSafe Exam Voucher",,
6,2026-09-26,5:00pm To 8:00pm,17:00,20:00,TBD,6,Open,"Two Hour Study Session Plus One Hour Test - $119.00 Per Person, Does not include The ServSafe Exam Voucher",,
7,2026-09-28,10:00am To 1:00pm,10:00,13:00,TBD,6,Open,"Two Hour Study Session Plus One Hour Test - $119.00 Per Person, Does not include The ServSafe Exam Voucher",,
8,2026-09-28,5:00pm To 8:00pm,17:00,20:00,TBD,6,Open,"Two Hour Study Session Plus One Hour Test - $119.00 Per Person, Does not include The ServSafe Exam Voucher",,
9,2026-09-29,10:00am To 1:00pm,10:00,13:00,Near you,6,Open,"Two Hour Study Session Plus One Hour Test - $119.00 Per Person, Does not include The ServSafe Exam Voucher",,
10,2026-09-29,5:00pm To 8:00pm,17:00,20:00,Near you,6,Open,"Two Hour Study Session Plus One Hour Test - $119.00 Per Person, Does not include The ServSafe Exam Voucher",,
11,2026-09-30,10:00am To 1:00pm,10:00,13:00,Your City,6,Open,"Two Hour Study Session Plus One Hour Test - $119.00 Per Person, Does not include The ServSafe Exam Voucher",,
12,2026-09-30,5:00pm to 8:00pm,17:00,20:00,Your City,6,Open,"Two Hour Study Session Plus One Hour Test - $119.00 Per Person, Does not include The ServSafe Exam Voucher",,
13,2026-10-03,10:00am To 1:00pm,10:00,13:00,Your City,6,Open,"Two Hour Study Session Plus One Hour Test - $119.00 Per Person, Does not include The ServSafe Exam Voucher",,
14,2026-10-06,10:00am To 1:00pm,10:00,13:00,Your City,6,Open,"Two Hour Study Session Plus One Hour Test - $119.00 Per Person, Does not include The ServSafe Exam Voucher",,
15,2026-10-06,5:00PM - 8:00PM,17:00,20:00,Your City,6,Open,"Two Hour Study Session Plus One Hour Test - $119.00 Per Person, Does not include The ServSafe Exam Voucher",,
16,2026-10-07,10:00am To 1:00pm,10:00,13:00,Your City,6,Open,"Two Hour Study Session Plus One Hour Test - $119.00 Per Person, Does not include The ServSafe Exam Voucher",,
17,2026-10-07,5:00 pm to 8:00 pm,17:00,20:00,Your city,6,Open,"Two Hour Study Session Plus One Hour Test - $119.00 Per Person, Does not include The ServSafe Exam Voucher",,
18,2026-10-09,10:00am To 1:00pm,10:00,13:00,Your City,6,Open,"Two Hour Study Session Plus One Hour Test - $119.00 Per Person, Does not include The ServSafe Exam Voucher",,
19,2026-10-09,5:00pm To 8:00pm,17:00,20:00,Your City,6,Open,"Two Hour Study Session Plus One Hour Test - $119.00 Per Person, Does not include The ServSafe Exam Voucher",,
20,2026-10-10,10:00am To 1:00pm,10:00,13:00,Your City,6,Open,"Two Hour Study Session Plus One Hour Test - $119.00 Per Person, Does not include The ServSafe Exam Voucher",,
21,2026-10-10,5:00pm To 8:00pm,17:00,20:00,Your City,6,Open,"Two Hour Study Session Plus One Hour Test - $119.00 Per Person, Does not include The ServSafe Exam Voucher",,
22,2026-10-11,10:00am To 1:00pm,10:00,13:00,Your City,6,Open,"Two Hour Study Session Plus One Hour Test - $119.00 Per Person, Does not include The ServSafe Exam Voucher",,