Block_ID,Title,Text,Image,Price,Link
safeprep,A study + exam package,"I built SafePrep, a ServSafe Manager study app that tracks what a student knows and tells them when they're ready to test. You'd sell your exam with a SafePrep code included. They study on their own, and you proctor when they're ready. You're no longer ""just the proctor."" You're the person who got them certified.",,Your cost is $4.99 per student access code. You set your own package price and keep the difference.,Reply and I'll send you a free code so you can try it yourself.
presenter,A full online course for your students,"Our Student Presenter is a complete web-based ServSafe Manager course, along the same lines as ServSafe's own online course, which runs over $140. Because it's web-based, it updates automatically, and it's built for how today's students learn.",,"$29.99 per student, or 3 for $79.99. Charge your students whatever your market will bear.",Reply and I'll send you 7 days of free access.
preferred,Top billing on Find a Proctor,"Preferred listings show first in every search near you, with a gold badge. $9.99 a month.",https://foodsafetymadeeasy.com/wp-content/uploads/2026/10/google-listing-thumbnail.png,"Want more? For $19.99 a month I'll also build you your own web page with your name, your area and your services, set up so students searching Google for a proctor near {place} can find you directly, not just through our directory.",{link:preferred}
instructor,Thinking about becoming an instructor?,"If you'd like to pursue the instructor side, we'll guide you through the process, and our help is free. As an instructor, you can serve every student out there, including the ones who'd rather learn in a classroom.",,,{link:guide}
ways-to-help,,"- Getting more students: just reply and I'll share what's worked for me locally.
- Teaching: a web-based ServSafe curriculum you can teach right from your screen.
  {link:curriculum}
- Growing your business: toolkits from my 20 years of proctoring, with checklists, client forms, cold-call scripts and email templates.
  {link:toolkits}",,,
ownpage,Your own page on Google,"A page just for you on FoodSafetyMadeEasy.com, with your bio, services and contact buttons, set up to show up when people near {place} search Google for a ServSafe proctor.",https://foodsafetymadeeasy.com/wp-content/uploads/2026/10/google-listing-thumbnail.png,"Preferred + your own page is $19.99 a month, so it's $10 more than what you have now",
verified-badge,,"While you're there, add your ServSafe certificate number. It's the number after CERTIFICATE NO. on your Instructor/Proctor certificate. Adding it is optional, but it puts a Verified badge on your listing so students know you're a certified proctor. The number itself is never shown.",,,
1,Top Billing Only,Top Search Results For {zip},,,