Name,Text,URL
home,FoodSafetyMadeEasy.com,https://foodsafetymadeeasy.com/
find,Find a Proctor,https://foodsafetymadeeasy.com/find-a-proctor-or-instructor/
preferred,See both plans,https://foodsafetymadeeasy.com/preferred-listing/
presenter,Student Presenter,https://foodsafetymadeeasy.com/servsafeonline/
curriculum,Instructor curriculum,https://foodsafetymadeeasy.com/servsafe-instructor-curriculum/
toolkits,Build Your Business toolkits,https://foodsafetymadeeasy.com/build-your-business/
guide,Should I Become a ServSafe Instructor/Proctor? (free guide),https://foodsafetymadeeasy.com/wp-content/uploads/2026/09/Should-I-Become-a-ServSafe-Instructor-Proctor.pdf
safeprep-ios,iPhone,https://apps.apple.com/us/app/safeprep-food-safety-exam/id6766696371
safeprep-android,Android,https://play.google.com/store/apps/details?id=com.geraldmiller.safeprep
1,Add yourself to our PREFERRED subscription ,https://foodsafetymadeeasy.com/preferred-listing/